{
  "data_loading": {
    "kfw1_pairs": 1066,
    "kfw1_load_time": 27.04247299997951,
    "kfw2_pairs": 2000,
    "kfw2_load_time": 8.193635399977211,
    "tskin_pairs": 900,
    "tskin_load_time": 8.234704300004523,
    "total_train": 2900,
    "total_test": 1066
  },
  "embeddings": {
    "cache_load_time": 0.03832330001750961,
    "cache_size": 3966,
    "tensor_prep_time": 0.05844349999097176
  },
  "inference": {
    "model_load_time": 0.015532999997958541,
    "analytical_full_time": 0.01916289998916909,
    "analytical_per_pair_ms": 0.01797645402361078,
    "analytical_accuracy": 68.10506566604127,
    "qiskit_subset_timings": {
      "10": 0.11696740001207218,
      "25": 0.16872430001967587,
      "50": 0.3854134999855887,
      "100": 0.8618337999796495
    },
    "qiskit_full_time": 13.78712149997591,
    "qiskit_per_pair_ms": 12.933509849883594,
    "qiskit_accuracy": 67.91744840525328,
    "speedup_factor": 719.4694700576854
  },
  "stage_timing": {
    "batch_sizes": [
      1,
      5,
      10,
      25,
      50,
      100,
      200,
      500
    ],
    "projection_ms": [
      3.449899988481775,
      1.8515999836381525,
      1.5133999986574054,
      1.5011000214144588,
      1.1280000035185367,
      1.7647000204306096,
      3.7607999984174967,
      5.995699990307912
    ],
    "analytical_ms": [
      0.12389998300932348,
      0.11759999324567616,
      0.14919997192919254,
      0.0813000078778714,
      0.09060002048499882,
      0.08839997462928295,
      0.1052000152412802,
      0.3011000226251781
    ],
    "qiskit_ms": [
      30.11190000688657,
      89.5613000029698,
      182.3988999822177,
      340.8177999954205,
      932.0272000040859,
      1403.6981999815907,
      2715.5709999788087,
      5587.451600003988
    ],
    "total_hybrid_ms": [
      3.5737999714910984,
      1.9691999768838286,
      1.662599970586598,
      1.5824000292923301,
      1.2186000240035355,
      1.8530999950598925,
      3.866000013658777,
      6.29680001293309
    ]
  },
  "shot_timing": {
    "shots": [
      64,
      128,
      256,
      512,
      1024,
      2048,
      4096,
      8192
    ],
    "time_ms": [
      8.36080001317896,
      9.341199998743832,
      8.804700017208233,
      9.10890000523068,
      10.361099994042888,
      12.329200020758435,
      15.795599989360198,
      23.773299995809793
    ]
  }
}