{
  "total_pairs": 1066,
  "accuracy": 68.10506566604127,
  "roc_auc": 0.7280288923541566,
  "precision": 67.51361161524501,
  "recall": 69.7936210131332,
  "f1_score": 68.63468634686348,
  "confusion_matrix": {
    "tp": 372,
    "fp": 179,
    "fn": 161,
    "tn": 354
  },
  "evaluation_date": "2026-05-30 13:31:50"
}