{
  "data_loading": {
    "kfw1_pairs": 1066,
    "kfw1_load_time": 0.11611239999183454,
    "kfw2_pairs": 2000,
    "kfw2_load_time": 0.20325469999806955,
    "tskin_pairs": 900,
    "tskin_load_time": 0.04831640000338666,
    "total_train": 2900,
    "total_test": 1066
  },
  "embeddings": {
    "cache_load_time": 0.022167099989019334,
    "cache_size": 3966,
    "tensor_prep_time": 0.04098409999278374
  },
  "inference": {
    "model_load_time": 0.006802799995057285,
    "analytical_full_time": 0.008158200012985617,
    "analytical_per_pair_ms": 0.007653095696984631,
    "analytical_accuracy": 68.10506566604127,
    "qiskit_subset_timings": {
      "10": 0.06825589999789372,
      "25": 0.17716419999487698,
      "50": 0.3206075000052806,
      "100": 0.740244899992831
    },
    "qiskit_full_time": 7.211425399989821,
    "qiskit_per_pair_ms": 6.764939399615217,
    "qiskit_accuracy": 67.91744840525328,
    "speedup_factor": 883.948099888604
  },
  "stage_timing": {
    "batch_sizes": [
      1,
      5,
      10,
      25,
      50,
      100,
      200,
      500
    ],
    "projection_ms": [
      0.32339998870156705,
      0.36589999217540026,
      0.4151000175625086,
      0.3445000038482249,
      0.527900003362447,
      0.648700020974502,
      0.7992000028025359,
      1.9212999904993922
    ],
    "analytical_ms": [
      0.04659997648559511,
      0.04500002251006663,
      0.047900015488266945,
      0.04650000482797623,
      0.07100001676008105,
      0.06280001252889633,
      0.0653000024612993,
      0.07760000880807638
    ],
    "qiskit_ms": [
      8.017399988602847,
      30.58489999966696,
      62.448799988487735,
      303.8257000152953,
      324.8428000079002,
      676.0114999779034,
      1248.694300011266,
      2924.3881999864243
    ],
    "total_hybrid_ms": [
      0.36999996518716216,
      0.4109000146854669,
      0.46300003305077553,
      0.3910000086762011,
      0.5989000201225281,
      0.7115000335033983,
      0.8645000052638352,
      1.9988999993074685
    ]
  },
  "shot_timing": {
    "shots": [
      64,
      128,
      256,
      512,
      1024,
      2048,
      4096,
      8192
    ],
    "time_ms": [
      6.5119999926537275,
      6.694300012895837,
      7.0884000160731375,
      7.799100014381111,
      8.113399991998449,
      10.159600002225488,
      12.665499991271645,
      19.62219999404624
    ]
  }
}